0.55,0.96,0.16,0.17636004
0.17,0.63,0.78,0.500197824
0.76,0.35,0.6,0.222156281
0.24,0.6,0.26,0.168545994
0.79,0.71,0.01,0.028882295
0.94,0.8,0.25,0.222947577
0.25,0.4,0.05,0.03016815
0.12,0.19,0.35,0.070722057
0.82,0.66,0.78,0.530365974
0.49,0.09,0.96,0.092087043
0.17,0.82,0.86,0.715430267
0.79,0.34,0.4,0.149060336
0.07,0.38,0.8,0.308902077
0.72,0.03,0.6,0.025519288
0.79,0.31,0.34,0.118199802
0.31,0.34,0.44,0.15776459
0.37,0.55,0.93,0.520474777
0.06,0.03,0.77,0.024035608
0.21,0.21,1,0.213946588
0.34,0.15,0.35,0.058259149
0.95,0.26,0.9,0.245994065
0.85,0.76,0.07,0.076063304
0.36,0.85,0.6,0.524826904
0.24,0.89,0.22,0.213649852
0.22,0.07,1,0.072799209
0.07,0.69,0.65,0.457962413
0.57,0.1,0.62,0.068941642
0.26,0.25,0.59,0.153412463
0.48,0.82,0.9,0.750939664
0.09,0.96,0.69,0.675074184
0,0.7,0.18,0.138476756
0.28,0.9,0.68,0.625914936
0.36,0.08,0.42,0.038377844
0.69,0.9,0.69,0.638872404
0.29,0.34,0.78,0.271909001
0.31,0.12,0.54,0.069535114
0.2,0.32,0.54,0.179228487
0.4,0.93,0.79,0.749060336
0.88,0.56,0.43,0.257962413
0.28,0.55,0.25,0.149653808
0.25,0.77,0.07,0.071018793
0.22,0.56,0.79,0.450840752
0.03,0.52,0.88,0.463204748
0.63,0.1,0.56,0.063600396
0.47,0.18,0.16,0.03669634
0.02,0.99,0.85,0.852126607
0.47,0.74,0.37,0.290108803
0.16,0.89,0.92,0.829080119
0.76,0.28,0.43,0.13214639
0.29,0.36,0.95,0.348269041
0.83,0.8,0.64,0.530464886
0.45,0.21,0.12,0.033531157
0.14,0.08,0.55,0.046488625
0.53,0.76,0.5,0.396142433
0.84,0.26,0.97,0.262908012
0.18,0.81,0.57,0.474480712
0.25,0.43,0.01,0.015232443
0.06,0.84,0.77,0.656973294
0.39,0.83,0.68,0.578536103
0.77,0.92,0.81,0.762908012
0.04,0.72,0.58,0.427695351
0.22,0.92,0.18,0.184174085
0.28,0.93,0.96,0.904253215
0.1,0.97,0.7,0.691790307
0.78,0.99,0.75,0.761721068
0.92,0.21,0,0.013254204
0.57,0.78,0.47,0.383679525
0.77,0.01,0.8,0.015727003
0.94,0.23,0.36,0.095746785
0.17,0.94,0.29,0.289910979
0.25,0.16,0.04,0.011968348
0.04,0.35,0.24,0.090405539
0.55,0.7,0.22,0.171612265
0.69,0.85,0.37,0.334718101
0.61,0.39,0.72,0.291493571
0.57,0.79,0.65,0.529179031
0.04,0.52,0.85,0.447873393
0.5,0.48,0.4,0.204352127
0.87,0.05,0.87,0.052621167
0.17,0.1,0.93,0.095647873
0.67,0.29,0.98,0.29347181
0.36,0.65,0.86,0.56933729
0.2,0.92,0.33,0.320474777
0.35,0.01,0.04,0.004055391
0.08,0.81,0.76,0.625717112
0.25,0.52,0.2,0.115628091
0.94,0.87,0.95,0.844015826
0.49,0.81,0.23,0.205143422
0.81,0.35,0.98,0.354203759
0.41,0.64,0.75,0.491493571
0.1,0.71,0.24,0.183580613
0.42,0.9,0.75,0.689614243
0.95,0.96,0.77,0.759545005
0.04,0.28,0.62,0.177645895
0.19,0.24,0.23,0.061226508
0.67,0.51,0.45,0.24371909
0.05,0.09,0.59,0.05479723
0.97,0.84,0.6,0.524727992
0.42,0.38,0.75,0.293570722
0.82,0.54,0.49,0.280514342
0.51,0.25,0.49,0.13115727
0.37,0.55,0.47,0.270227498
0.24,0.52,0.37,0.202967359
0.07,0.34,0.91,0.313452028
0.53,0.81,0.8,0.662215628
0.21,0.36,0.43,0.16231454
0.7,0.38,0.57,0.228684471
0.31,1,0.59,0.606429278
0.38,0.7,0.49,0.356874382
0.96,0.26,0.9,0.246092977
0.76,0.16,0.72,0.12462908
0.03,0.13,0.41,0.055588526
0.77,0.85,0.37,0.335509397
0.63,0.65,0.28,0.199109792
0.59,0.43,0.86,0.380118694
0.4,0.84,0.1,0.103659743
0.9,0.62,0.04,0.045697329
0.56,0.54,0.81,0.448862512
0.98,0.34,0.94,0.332542038
0.44,0.47,0.28,0.143818002
0.51,0.53,0.44,0.246191889
0.23,0.79,0.82,0.658654797
0.71,0.6,0.43,0.274085064
0.21,0.4,0.61,0.251335312
0.54,0.34,0.55,0.197032641
0.98,0.78,0.69,0.557467854
0.43,0.73,0.61,0.459149357
0.46,0.94,0.43,0.422947577
0,0.65,0.96,0.630069238
0.74,0.37,0.28,0.117111771
0.5,0.51,0.21,0.120969337
0.24,0.24,0.17,0.047477745
0.44,0.45,0.44,0.209099901
0.37,0.43,0.39,0.178041543
0.87,0.67,0.28,0.207418398
0.41,0.99,0.04,0.0628091
0.67,0.56,0.78,0.44975272
0.49,0.6,0.53,0.331256182
0.69,0.18,0.71,0.136795252
0.18,0.42,0.73,0.313353116
0.53,0.94,0.83,0.795548961
0.02,0.16,0.27,0.046092977
0.42,0.33,0.48,0.16735905
0.2,0.15,0.95,0.145895153
0.02,0.27,0.97,0.264589515
0.06,0.34,0.34,0.121661721
0.38,0.84,0.29,0.26132542
0.13,0.6,0.39,0.244609298
0.44,0.94,0.11,0.125222552
0.88,0.63,0.2,0.145796241
0.93,0.57,0.65,0.38694362
0.31,0.98,0.18,0.196933729
0.99,0.38,0.57,0.231552918
0.53,0.97,0.86,0.849554896
0.35,0.13,0.24,0.036894164
0.26,0.44,0.58,0.263699308
0.18,0.37,0.05,0.027398615
0.76,0.64,0.15,0.115133531
0.18,0.78,0.52,0.418397626
0.7,0.56,0.12,0.084470821
0.28,0.7,0.72,0.515133531
0.38,0.62,0.38,0.249060336
0.35,0.37,0.57,0.219386746
0.72,0.92,0.67,0.635014837
0.34,0.17,0.29,0.055489614
0.74,0.22,0.16,0.046488625
0.47,0.53,0.94,0.507912957
0.14,0.25,0.24,0.065677547
0.44,0.39,0.82,0.328387735
0.92,0.93,0.75,0.717408506
0.36,0.42,0.36,0.161424332
0.02,0.53,0.29,0.162710188
0.37,0.8,0.81,0.660435213
0.94,0.83,0.89,0.756379822
0.11,0.49,0.74,0.369436202
0.18,0.91,0.73,0.676854599
0.17,0.41,0.67,0.281503462
0.96,0.25,0.73,0.19495549
0.37,0.25,0.86,0.221266073
0.33,0.34,0.5,0.178140455
0.98,0.53,0.09,0.06735905
0.24,0.09,0.43,0.042433234
0.57,0.61,0.68,0.427992087
0.52,0.67,0.74,0.508803165
0.5,0.74,0.25,0.202571711
0.01,0.41,0.49,0.206923838
0.7,0.39,0.94,0.377250247
0.04,0.71,0.36,0.267260138
0.34,0.57,0.82,0.476953511
0.05,0.27,0.1,0.032542038
0.1,0.93,0.89,0.838081108
0.47,0.6,0.62,0.384470821
0.38,0.11,0.56,0.066864491
0.42,1,0.11,0.132739862
0.52,0.14,0.45,0.070227498
0.57,0.66,0.48,0.332047478
0.44,0.57,0.6,0.353907023
0.61,0.82,0.64,0.541345203
0.43,0.3,0.72,0.223837784
0.51,0.45,0.54,0.254302671
0.12,0.9,0.76,0.695548961
0.4,0.46,0.88,0.413452028
0.52,0.91,0.16,0.167161227
0.32,0.64,0.42,0.281701286
0.17,0.49,0.93,0.462116716
0.35,0.72,0.3,0.231355094
0.11,0.52,0.58,0.309693373
0.73,0.72,0.38,0.292087043
0.32,0.45,0.45,0.212363996
0.58,0.39,0.66,0.268051434
0.03,0.97,0.29,0.297725025
0.98,0.65,0.92,0.6140455
0.98,0.87,0.33,0.310880317
1,0.45,0.71,0.334817013
0.03,0.09,0.57,0.052818991
0.35,0.58,0.22,0.141147379
0.11,0.52,0.63,0.335410485
0.73,0.66,0.89,0.601285856
1,0.17,0.03,0.018298714
0.81,0.43,0.84,0.373788328
0.5,0.38,0.64,0.253016815
0.67,0.7,0.42,0.311275964
0.87,0.45,0.28,0.142136499
0.12,0.67,0.05,0.047576657
0.7,0.81,0.37,0.319386746
0.07,0.4,0.59,0.242037587
0.89,0.54,0.26,0.158358061
0.57,0.07,0.78,0.061028684
0.95,0.7,0.43,0.320969337
0.26,0.58,0.69,0.409891197
0.64,0.33,0.19,0.07487636
0.48,0.09,0.57,0.05727003
0.94,0.49,0.36,0.19347181
0.89,0.42,0.16,0.083580613
0.55,0.04,0.77,0.03669634
0.17,0.32,0.03,0.017507418
0.73,0.36,0.5,0.192383778
0.28,0.22,0.36,0.085459941
0.93,0.34,0.81,0.288328388
0.97,0.16,0.83,0.144114738
0.32,0.51,0.02,0.023343225
0.92,0.48,0.4,0.208506429
0.27,0.08,0.75,0.063600396
0.39,0.36,0.58,0.217507418
0.2,0.37,0.49,0.188625124
0.77,0.76,0.76,0.59396637
0.27,0,0.24,0.002670623
0.22,0.92,0.48,0.457171118
0.46,0.34,0.13,0.054995054
0.02,0.44,0.37,0.169930762
0.8,0.82,0.64,0.54322453
0.14,0.13,0.5,0.068249258
0.26,0.53,0.55,0.301384768
0.61,0.5,0.86,0.441246291
0,0.4,0.73,0.296735905
0.04,0.08,0.53,0.043916914
0.24,0.82,0.56,0.472799209
0.07,0.53,0.57,0.309990109
0.62,0.75,0.27,0.221266073
0,0.27,0.32,0.090801187
0.43,0.93,0.56,0.537784372
0.48,0.81,0.9,0.741839763
0.95,0.17,0.64,0.120375865
0.04,0.45,0.41,0.191790307
0.32,0.21,0.64,0.140257171
0.41,0.11,0.87,0.100890208
0.48,0.93,0.25,0.253115727
0.33,0.08,0.09,0.011968348
0.65,0.04,0.47,0.025816024
0.61,0.47,0.77,0.373293769
0.67,0.98,0.66,0.665776459
0.65,0.77,0.14,0.128288823
0.86,0.44,0.09,0.056379822
0.99,0.84,0.13,0.134421365
0.04,0.58,0.9,0.528189911
0.21,0.94,0.46,0.448367953
0.88,0.49,0.49,0.255885262
0.34,0.77,0.4,0.323244313
0.83,0.09,0.22,0.029574679
0.36,0.77,0.04,0.04925816
0.11,0.66,0.77,0.516815035
0.34,0.36,0.31,0.120870425
0.5,0.37,0.19,0.081800198
0.42,0.7,0.9,0.641147379
0.05,0.73,0.37,0.282096934
0.14,0.55,0.85,0.474678536
0.28,0.88,0.79,0.707814045
0.64,0.27,0.37,0.110484669
0.03,0.87,0.58,0.516617211
0.66,0.76,0.83,0.645499505
0.81,0.35,0.85,0.309198813
0.2,0.2,0.05,0.015825915
0.46,0.8,0.84,0.685064293
0.81,0.85,0.06,0.075272008
0.37,0.53,0.99,0.533135509
0.18,0.79,0.23,0.197131553
0.11,0.24,0.89,0.217111771
0.74,0.93,0.05,0.071711177
0.33,0.45,0.31,0.150148368
0.98,0.74,0,0.024332344
0.46,0,0.22,0.004549951
0.53,0.31,0.29,0.100296736
0.24,0.75,0.76,0.581008902
0.03,0.42,0.31,0.137388724
0.38,0.65,0.46,0.312363996
0.17,0.75,0.29,0.23165183
0.27,0.32,0.43,0.145103858
0,0.58,0.1,0.06884273
0.28,0.86,0.58,0.513155292
0.79,0.75,0.65,0.504846686
0.84,0.59,0.36,0.230069238
0.87,0.93,0.68,0.652522255
0.37,0.86,0.93,0.811770524
0.74,0.18,0.66,0.128387735
0.19,0.55,0.14,0.08892186
0.7,0.96,0.89,0.871018793
0.53,0.36,0.41,0.158358061
0.95,0.42,0.08,0.050939664
0.75,0.95,0.39,0.392680514
0.26,0.78,0.21,0.180019782
1,0.29,0.1,0.044312562
0.74,0.91,0.46,0.439366963
0.93,0.49,0.52,0.270919881
0.06,0.26,0.35,0.095746785
0.23,0.57,0.85,0.492779426
0.94,0.21,1,0.221167161
0.37,0.76,0.34,0.274282888
0.25,0.2,0.22,0.049950544
0.34,0.17,0.27,0.052126607
1,0.12,0.72,0.097725025
0.92,0.83,0.02,0.041938675
0.83,0.51,0.32,0.179723046
0.97,0.35,0.41,0.158456973
0.08,0.75,0.09,0.08239367
0.08,0.15,0.25,0.040850643
0.97,0.74,0.32,0.258456973
0.83,0.46,0.32,0.162908012
0.03,0.21,0.61,0.13115727
0.65,0.17,0.04,0.016518299
0.3,0.3,0.89,0.272997033
0,0.41,0.47,0.198714144
0.21,0.33,0.01,0.011869436
0.34,0.01,0.12,0.004747774
0.26,0.84,0.07,0.077349159
0.86,0.93,0.71,0.680019782
0.36,0.78,0.15,0.134718101
0.96,0.1,0.65,0.075766568
0.11,0.66,0.38,0.262215628
0.05,0.98,0.5,0.504549951
0.06,0.29,0.83,0.244411474
0.99,0.36,0.28,0.116617211
0.4,1,0.85,0.864490603
1,0.32,0.88,0.294757666
0.86,0.94,0.98,0.938278932
0.5,0.97,0.09,0.110484669
0.38,0.44,0.33,0.156083086
0.56,0.35,0.63,0.230563798
0.51,0.72,0.81,0.596142433
0.13,0.02,0.7,0.015529179
0.82,0.19,0.12,0.034421365
0.65,0.95,0.97,0.93669634
0.17,0.95,0.82,0.790999011
0.54,0.25,0.38,0.104253215
0.36,0.95,0.32,0.323046489
0.37,0.41,0.18,0.084767557
0.04,0.93,0.28,0.27636004
0.82,0.02,0.36,0.015628091
0.03,0.78,0.02,0.03115727
0.3,0.23,0.5,0.121266073
0.58,0.57,0.91,0.530069238
0.95,0.33,0.9,0.309693373
0.86,0.8,0.11,0.111374876
0.49,0.89,0.82,0.744312562
0.99,0.17,0.4,0.08041543
0.92,0.63,0.4,0.270820969
0.37,0.19,0.23,0.050642928
0.02,0.52,0.21,0.118496538
0.91,0.95,0.36,0.366073195
0.58,0.44,0.59,0.271216617
0.12,0.93,0.18,0.185163205
0.98,0.21,0.8,0.180019782
0.46,0.69,0.08,0.072799209
0.24,0.74,0.18,0.1487636
0.99,0.59,0.29,0.190702275
0.18,0.82,0.97,0.804747774
0.75,0.31,0.83,0.268051434
0.46,0.6,0.92,0.562413452
0.16,0.85,0.07,0.077250247
0.18,0.88,0.66,0.593669634
0.69,0.01,0.41,0.01107814
0.6,0.02,0.93,0.024727992
0.63,0.96,0.76,0.746884273
0.39,0.77,0.9,0.704549951
0.56,0.08,0.86,0.075173096
0.84,0.69,0.96,0.677151335
0.78,0.22,0.74,0.173095945
0.09,0.19,0.51,0.10049456
0.64,0.66,0.33,0.234817013
0.74,0.89,0.05,0.068941642
0.97,0.21,0.93,0.206923838
0,0.49,0.62,0.310187933
0.37,0.2,0.44,0.094658754
0.22,0.34,0.85,0.294757666
0.03,0.12,0.55,0.067952522
0.55,0.51,0.56,0.298021761
0.83,0.15,0.59,0.098714144
0.15,0.82,0.51,0.431355094
0.77,0.68,0.83,0.579327399
0.02,0.99,0.57,0.577942631
0.04,0.07,0.7,0.05024728
0.97,0.74,0.62,0.478041543
0.73,0.52,0.68,0.367260138
0.42,0.19,0.4,0.083086053
0.21,0.7,0.07,0.064391691
0.58,0.21,0.37,0.086745796
0.19,0.23,0.47,0.113353116
0.18,0.48,0.12,0.068249258
0.73,0.13,0.64,0.092087043
0.36,0.3,0.64,0.199406528
0.55,0.96,0.13,0.147873393
0.16,0.58,0.47,0.282690406
0.74,0.4,0.66,0.27636004
0.62,0.37,0.29,0.11958457
0.81,0.23,0.1,0.035311573
0.21,0.41,0.69,0.290009891
0.85,0.31,0.77,0.250642928
0.34,0.7,0.02,0.031058358
0.75,0.36,0.8,0.299406528
0.59,0.92,0.92,0.861226508
0.46,0.42,0.89,0.382591494
0.7,0.32,0.12,0.0512364
0.44,0.04,0.85,0.038773492
0.66,0.76,0.93,0.720672601
0.24,0.52,0.01,0.017804154
0.66,0.08,0.87,0.076953511
0.34,0.11,0.34,0.042532146
0.66,0.04,0.47,0.025914936
0.63,0.03,0.94,0.034718101
0.93,0.25,0.87,0.229277943
0.48,0.79,0.76,0.614243323
0.95,0.41,0.46,0.204055391
0.61,0,0.68,0.00603363
0.62,0.05,0.5,0.031849654
0.45,0.03,0.34,0.015133531
0.8,0.62,0.32,0.216419387
1,0.89,0.84,0.766963403
0.56,0.07,0.88,0.06785361
0.44,0.39,0.34,0.14322453
0.17,0,0.61,0.001681503
0.42,0.71,0.87,0.629179031
0.17,0.4,0.46,0.191592483
0.82,0.27,0.76,0.216419387
0.63,0.15,0.49,0.08189911
0.91,0.87,0.45,0.413452028
0.72,0.71,0.38,0.288031652
0.51,0.6,0.75,0.462017804
0.12,0.95,0.56,0.546191889
0.39,0.01,0.2,0.00603363
0.73,0.92,0.65,0.616913947
0.04,0.85,0.31,0.277843719
0.28,0.99,0.6,0.609891197
0.35,0.34,0.97,0.336399604
0.38,0.39,0.14,0.065479723
0.88,0.72,0.71,0.528585559
0.66,0.83,0.63,0.540158259
0.93,0.2,0.96,0.203066271
0.49,0.01,0.12,0.006231454
0.37,0.01,0.51,0.008902077
0.88,0.43,0.88,0.391493571
0.27,0.62,0.87,0.548466864
0.9,0.26,0.53,0.150346192
0.58,0.61,0.76,0.47636004
0.36,0.65,0.18,0.13214639
0.66,0.56,0.24,0.150544016
0.08,0.33,0.55,0.186844708
0.7,0.22,0.85,0.196241345
0.9,0.75,0.34,0.275964392
0.98,0.12,0.35,0.053610287
0.48,0.13,0.21,0.034322453
0.54,0.99,0.61,0.622255193
0.26,0.23,0.83,0.195944609
0.06,0.94,0.17,0.177250247
0.82,0.31,0.59,0.195153314
0.21,0.22,0.56,0.128288823
0.06,0.14,0.33,0.049060336
0.67,0.43,0.84,0.372403561
0.39,0.65,0.85,0.563204748
0.05,0.54,0.93,0.507912957
0.61,0.56,0.29,0.177744807
0.34,0.92,1,0.931552918
0.04,0.08,0.35,0.029673591
0.84,0.65,0.37,0.259050445
0.79,0.74,0.99,0.747082097
0.53,0.61,0.75,0.46983185
0.43,0.1,1,0.105143422
0.8,0.29,0.04,0.02512364
0.18,0.21,0.33,0.074480712
0,0.29,0.96,0.281107814
0.55,0.78,0.29,0.244609298
0.5,0.1,0.88,0.09396637
0,0.57,0.05,0.039465875
0.3,0.95,0.02,0.040553907
0.23,0.94,0.74,0.708902077
0.72,0.59,0.1,0.077151335
0.29,0.02,0.02,0.003659743
0.95,0.46,0.26,0.136795252
0.53,0.88,0.51,0.466567755
0.29,0.77,0.34,0.277052423
0.57,0.37,0.08,0.04223541
0.89,0.86,0.77,0.680811078
0.27,0.02,0,0.003066271
0.05,0.83,0.64,0.542334322
0.33,0.19,0.14,0.033333333
0.32,0.28,0.84,0.241345203
0.42,0.18,0.46,0.089614243
0.7,0.03,0.51,0.022650841
0.68,0.84,0.33,0.297527201
0.8,0.98,0.09,0.114540059
0.11,0.19,0.15,0.033036597
0.5,0.06,0.47,0.034025717
1,0.22,0.57,0.138278932
0.83,0.79,0.99,0.797428289
0.86,0.27,0.03,0.021859545
0.46,0.43,0.31,0.144906034
0.2,0.26,0.79,0.210286845
0.3,0.26,0.74,0.198417409
1,0.66,0.66,0.453808111
0.73,0.44,0.66,0.303165183
0.41,0.72,0.67,0.495450049
0.45,0.54,0.97,0.533234421
0.49,0.14,0.68,0.101780415
0.62,0.77,0.92,0.722057369
0.52,0.35,0.5,0.185163205
0.77,0.11,0.12,0.022848665
0.63,0.62,0.26,0.177942631
0.03,0.17,0.3,0.054104847
0.39,0.15,0.8,0.125519288
0.82,0.31,0.03,0.023442136
0.68,0.29,0.04,0.023936696
0.82,0.61,0.34,0.225321464
0.24,0.44,0.08,0.045895153
0.02,0.87,0.08,0.086251236
0.99,0.62,0.62,0.402274975
0.07,0.15,0.76,0.116419387
0.72,0.53,0.36,0.206330366
0.65,0.08,0.71,0.064193867
0.56,0.45,0.33,0.16132542
0.1,0.46,0.46,0.219386746
0.99,0.8,0.75,0.61909001
0.58,0.72,0.29,0.226508408
0.26,0.65,0.69,0.459050445
0.05,0.2,0.38,0.079624135
0.64,0.94,0.36,0.359643917
0.46,0.89,0.37,0.347873393
0.47,0.4,0.35,0.151038576
0.92,0.56,0.88,0.507616222
0.9,0.06,0.84,0.059940653
0.79,0.76,0.95,0.736993076
0.42,0.37,0.69,0.263996044
0.22,0,0.96,0.002176063
0.46,0.02,0.52,0.015232443
0.58,0.99,0.25,0.270128586
0.03,0.8,0.28,0.23768546
0.41,0.65,0.23,0.164787339
0.06,0.54,0.07,0.048664688
0.46,0.88,0.81,0.727002967
0.94,0.71,0.39,0.297230465
0,0.99,0.83,0.832344214
0.69,0.71,0.55,0.407121662
0.61,0.97,0.22,0.236300692
0.86,0.67,0.88,0.604945598
0.48,0.8,0.5,0.416221563
0,0.32,0.87,0.281701286
0.29,0.71,0.63,0.459347181
0.04,0.85,0.94,0.80751731
0.84,1,0.81,0.829277943
0.85,0.03,0.35,0.019386746
0.33,0.06,0.11,0.010979228
0.06,0.72,0.9,0.65578635
0.87,0.14,0.07,0.021068249
0.92,0.99,0.78,0.79248269
0.47,0.83,0.17,0.160633037
0.42,0.88,0.05,0.065084075
0.55,0.56,0.85,0.487339268
0.57,0.39,0.85,0.341246291
0.55,0.3,0.23,0.079624135
0.61,0.3,0.88,0.273095945
0.53,0.52,0.74,0.396142433
0.37,0.35,0.46,0.16983185
0.75,0.36,0.54,0.206824926
0.37,0.35,0.8,0.287537092
0.47,0.57,0.62,0.365479723
0.17,0.26,0.13,0.040257171
0.47,0.67,0.65,0.448664688
0.76,0.31,0.92,0.295746785
0.25,0.97,0,0.021661721
0.67,0.86,0.25,0.236300692
1,0.9,0.8,0.739861523
0.56,0.13,0.88,0.121266073
0.7,0.87,0.83,0.738377844
0.58,0.35,0.74,0.26884273
0.88,0.19,0.05,0.021859545
0.32,0.88,0.59,0.534124629
0.09,0.01,0.84,0.009396637
0.17,0.68,0.31,0.22363996
0.96,0.24,0.28,0.080712166
0.09,0.6,0.99,0.600296736
0.54,0.94,0.6,0.581800198
0.46,0.83,0.16,0.152324431
0.68,0.88,0.27,0.259149357
0.42,0.26,0.31,0.089020772
0.45,0.81,0.68,0.565281899
0.96,0.54,0.37,0.217804154
0.65,0.93,0.69,0.659545005
0.01,0.93,0.54,0.515232443
0.5,0.06,0.17,0.016221563
0.33,0.6,0.82,0.501780415
0.04,0.38,0.11,0.04925816
0.45,0.59,0.04,0.039465875
0.13,0.39,0.52,0.209594461
0.23,0.63,0.38,0.251533136
0.41,0.53,0.38,0.213748764
0.31,0.99,0.52,0.531849654
0,0.98,0.35,0.358654797
0.85,0.69,0.22,0.172205737
0.62,0.84,0.07,0.08090999
0.66,0.87,0.32,0.299109792
0.75,0.29,0.01,0.016023739
0.21,0.56,0.51,0.295647873
0.7,0.31,0.79,0.25529179
0.25,0.53,0.57,0.311770524
0.93,0.05,0.13,0.016617211
0.3,0.73,0.86,0.638377844
0.73,0.05,0.73,0.044312562
0.84,0.61,0.25,0.171216617
0.42,0.21,0.52,0.116320475
0,0.69,0.64,0.450445104
0.5,0.5,0.51,0.267062315
0.31,0.92,0.3,0.294263106
0,0.09,0,0.001780415
0.92,0.34,0.74,0.264688427
0.53,0.67,0.06,0.058259149
0.92,0.1,0.71,0.081305638
0.76,0.79,0.48,0.398219585
0.39,0.69,0.85,0.597626113
0.76,0.11,0.69,0.084767557
0.89,0.84,0.64,0.557171118
0.01,0.84,0.01,0.025024728
0.79,0.58,0.95,0.564292779
0.2,0.2,0.31,0.067260138
0.73,0.36,0.39,0.153214639
0.78,0.89,0.27,0.263006924
0.82,0.84,0.77,0.664490603
0.31,0.26,0.89,0.237091988
0.51,0.29,0.76,0.228783383
0.54,0.01,0.76,0.01305638
0.79,1,0.22,0.24520277
0.99,0.63,0.15,0.115727003
0.52,0.27,0.95,0.264193867
0.97,0.69,0.4,0.296241345
0.1,0.99,0.18,0.196834817
0.48,0.25,0.98,0.252027695
0.95,0.79,0.28,0.243818002
0.18,0.23,0.61,0.145103858
0.37,0.46,0.58,0.276656775
1,0.44,0.21,0.109990109
0.2,0.93,0.67,0.63669634
0.45,0.58,0.43,0.262611276
0.47,0.31,0.41,0.136498516
0.62,0.99,0.65,0.662215628
0.49,0.77,0.84,0.659841741
0.24,0.7,0.54,0.390108803
0.65,0.51,0.73,0.384767557
0.34,0.29,0.1,0.037784372
0.33,0.55,0.98,0.547279921
0.67,0.08,0.75,0.067556874
0.27,0.31,0.01,0.011869436
0.62,0.98,0.8,0.80098912
0.76,0.14,0.58,0.090603363
0.25,0.15,0.28,0.046983185
0.58,0.24,0.47,0.122057369
0.07,0.78,0.42,0.340158259
0.31,0.27,0.21,0.064490603
0.14,0.26,0.42,0.114540059
0.47,0.19,0.36,0.076063304
0.84,0.29,0.51,0.160336301
0.94,0.97,0.27,0.287537092
0.94,0.95,0.2,0.216023739
0.3,0.33,0.95,0.31958457
0.81,0.11,0.88,0.105934718
0.54,0.8,0.01,0.029080119
0.78,0.87,1,0.885459941
0.5,0.98,0.68,0.683481701
0.39,0.47,0.54,0.264193867
0.52,0.09,0.5,0.051434224
0.7,0.84,0.36,0.322650841
0.12,0.26,0.86,0.227497527
0.04,0.7,0.65,0.464292779
0.73,0.39,0.13,0.065084075
0.55,0.79,0.25,0.216419387
0.06,0.94,0.61,0.586350148
0.39,0.47,0.77,0.371117705
0.12,0.91,0.86,0.793273986
0.19,0.97,0.27,0.280118694
0.06,0.98,0.54,0.543422354
0.79,0.94,0.68,0.658654797
0.17,0.21,0.54,0.118001978
0.21,0.68,0.56,0.392185955
0.84,0.75,0.68,0.527596439
0.96,0.96,0.58,0.579228487
0.27,0.5,0.85,0.432937685
0.92,0.31,0.52,0.174678536
0.58,0.76,0.09,0.0884273
0.8,0.89,0.9,0.817804154
0.68,0.3,0.08,0.036399604
0.98,0.96,0.9,0.883283877
0.18,0.79,0.41,0.337784372
0.5,0.51,0.48,0.257171118
0.63,0.96,0.63,0.623442136
0.62,0.35,0.38,0.144609298
0.27,0.81,0.66,0.547477745
0.5,0.23,0.11,0.034520277
0.6,0.13,0.05,0.014935707
0.04,0.18,0.26,0.05024728
0.52,0.39,0.23,0.101582591
0.64,0.4,0.89,0.366369931
0.36,0.9,0.79,0.72462908
0.96,0.46,0.41,0.205143422
0.22,0.09,0.76,0.071612265
0.35,0.65,0.42,0.286350148
0.87,0.8,0.36,0.309297725
0.24,0.01,0.34,0.005934718
0.7,0.2,0.59,0.127596439
0.53,0.64,0.78,0.511671612
0.8,0.65,0.17,0.130069238
0.57,0.51,0.48,0.257863501
0.2,0.33,0.5,0.171711177
0.19,0.24,0.67,0.165677547
0.93,0.58,0.26,0.16983185
0.73,0.4,0.66,0.276261128
0.08,0.65,0.65,0.431552918
0.42,0.84,0.22,0.203560831
0.59,0.99,0.36,0.377942631
0.99,0.83,0.86,0.732245302
0.87,0.08,0.6,0.057665678
0.63,0.43,0.4,0.184866469
0.7,0.43,0.75,0.334421365
0.45,0.54,0.16,0.100593472
0.58,0.69,0.75,0.531256182
0.06,0.98,0.05,0.068447082
0.78,0.68,0.28,0.209495549
0.3,0.26,0.11,0.036399604
0.96,0.14,0.6,0.095351137
0.35,0,0.69,0.003461919
0,0.4,0.66,0.269040554
0.35,0.89,0.65,0.593273986
0.83,0.18,0.02,0.015331355
0.16,0.6,1,0.606923838
0.57,0.28,0.56,0.166271019
0.74,0.88,0.43,0.39901088
0.86,0.74,0.22,0.184174085
0.79,0.51,0.29,0.164193867
0.63,0.61,0.15,0.108803165
0.74,0.33,0.36,0.131355094
0.07,0.66,0.74,0.496834817
0.36,0.86,0.83,0.726607319
0.72,0.41,0.71,0.303165183
0.63,0.1,0.03,0.011177052
0.16,0.52,0.55,0.294757666
0.79,0.58,0.07,0.059446093
0.54,0.98,0.83,0.829277943
0.49,0.93,0.99,0.933926805
0.74,0.3,0.05,0.028090999
0.23,0.92,0.68,0.639268051
0.07,0.17,0.06,0.014144411
0.08,0.22,0.19,0.046488625
0.1,0.02,0.09,0.003165183
0.51,0.73,0.05,0.055588526
0.66,0.38,0.85,0.333531157
0.37,0.36,0.34,0.131849654
0.67,0.41,0.05,0.035014837
0.19,0.35,0.92,0.327299703
0.57,0.27,0.17,0.056379822
0.25,0.54,0.62,0.344312562
0.24,0.44,0.42,0.193867458
0.15,0.49,0.32,0.166271019
0.05,0.62,0.46,0.294856578
0.43,0.5,0.01,0.01909001
0.25,0.55,0.46,0.263600396
0.01,0.68,0.49,0.343125618
0.41,0.23,0.09,0.029080119
0.43,0.04,0.94,0.04223541
0.29,0.12,0.54,0.06933729
0.52,0.91,0.58,0.54520277
0.95,0.58,0.08,0.066765579
0.58,0.69,0.61,0.435707221
0.86,0.63,0.39,0.263996044
0.87,0.45,0.49,0.235608309
0.92,0.15,0.88,0.142631058
0.8,0.93,0.03,0.053907023
0.16,0.18,0.59,0.110187933
0.45,0.5,0.61,0.316023739
0.17,0.03,0.33,0.01206726
0.81,0.61,0.29,0.195054402
0.34,0.13,0.83,0.112660732
0.61,0.48,0.81,0.400098912
0.52,0.18,0.59,0.113748764
0.12,0.83,0.4,0.345994065
0.73,0.09,0.01,0.009891197
0.82,0.45,0.46,0.221760633
0.21,0.52,0.82,0.434124629
0.55,0.16,0.44,0.078239367
0.82,0.36,0.05,0.033036597
0.37,0.77,0.12,0.110286845
0.67,0.5,0.5,0.26379822
0.69,0.85,0.51,0.452423343
0.77,0.89,0.62,0.571018793
0.86,0.15,0.89,0.143521266
0.61,0.27,0.54,0.155588526
0.6,0.66,0.41,0.286646884
0.72,0.39,0.66,0.269436202
0.05,0.98,0,0.019881306
0.62,0.46,0.57,0.274579624
0.94,0.28,0.45,0.139465875
0.21,0.33,0.04,0.021661721
0.12,0.99,1,1
0.6,0.51,0.97,0.505341246
0.66,0.08,0.07,0.013649852
0.04,0.04,0.96,0.039169139
0.96,0.05,0.29,0.024826904
0.21,0.37,0.14,0.060633037
0.71,0.83,0.97,0.819782394
0.73,0.26,0.47,0.133234421
0.96,0.18,0.46,0.09495549
0.79,0.66,0.05,0.053511375
0.72,0.24,0.45,0.118694362
0.64,0.12,0.84,0.108407517
0.15,0.28,1,0.283976261
0.54,0.99,0.88,0.886646884
0.51,0.34,0.31,0.116023739
0.09,0.57,0.96,0.553412463
0.7,0.83,0.04,0.056181998
0.83,0.49,0.72,0.366864491
0.28,0.41,0.27,0.120375865
0.89,0.39,0.33,0.143818002
0.61,1,0.41,0.431355094
0.25,0.46,0.35,0.170820969
0.9,0.18,0.14,0.037388724
0.64,0.68,0.38,0.27537092
0.11,0.94,0.83,0.791394659
0.02,0.32,0.82,0.266073195
0.85,0.37,0.05,0.034025717
0.05,0.28,0.35,0.102967359
0.66,0.84,0.58,0.50504451
0.94,0.54,0.91,0.50603363
0.8,0.79,0.88,0.711177052
0.88,0.75,0.34,0.275766568
0.17,0.3,0.01,0.010583581
0.69,0.28,0.51,0.153610287
0.56,0.5,1,0.509990109
0.23,0.9,0.01,0.028981207
0.6,0.05,0.33,0.023244313
0.75,0.82,0.06,0.072304649
0.74,0.78,0.18,0.161622156
0.08,0.92,0.77,0.719683482
0.52,0.05,0.65,0.038278932
0.3,0.33,0.62,0.211869436
0,0.72,0.57,0.420178042
0.19,0.99,0.74,0.746092977
0.06,0.96,0.55,0.541839763
0.84,0.39,0.07,0.043026706
0.76,0.04,0.59,0.03165183
0.3,0.33,0.02,0.016023739
0.39,0.72,0.53,0.395548961
0.63,0.85,0.04,0.056676558
1,0.82,0.83,0.699307616
0.57,0.27,0.66,0.187240356
0.42,0.76,0.97,0.748367953
0.72,0.85,0.83,0.721760633
0.79,0.53,0.66,0.364292779
0.86,0.64,0.86,0.565578635
0.16,0.94,0.57,0.550148368
0.49,0.91,0.91,0.841938675
0.84,0.8,0.52,0.435608309
0.32,0.83,0.9,0.758456973
0.49,0.85,0.54,0.475667656
0.98,0.6,0.26,0.17586548
0.96,0.6,0.41,0.264688427
0.04,0.56,0.19,0.116716123
0.43,0.35,0.92,0.329673591
0.16,0.59,0.09,0.065776459
0.51,0.44,0.03,0.026805143
0.96,0.21,0.16,0.046884273
0.57,0.8,0.11,0.108506429
0.35,0.31,0.1,0.040257171
0.71,0.76,0.96,0.74371909
0.23,0.55,0.83,0.464688427
0.24,0.09,0.96,0.089614243
0.89,0.78,0.93,0.741740851
0.69,0.71,0.25,0.196439169
0.17,0.19,0.85,0.165182987
0.7,0.04,0.62,0.032245302
0.34,0.57,0.16,0.104846686
0.3,0.89,0.38,0.355093966
0.66,0.99,0.15,0.172997033
0.73,0.55,0.12,0.083382789
0.5,0.91,0.38,0.364985163
0.89,0.83,0.12,0.123738872
0.38,0.43,0.32,0.148367953
0,0.68,0.56,0.390108803
0.22,0.75,0.82,0.625321464
0.31,0.06,0.47,0.03214639
0.26,0.83,0.17,0.158555885
0.67,0.36,0.97,0.359149357
0.89,0.9,0.98,0.89901088
0.56,0.5,0.28,0.153907023
0.71,0.13,0.96,0.133036597
0.24,0.15,0.93,0.143323442
0.96,0.27,0.73,0.209792285
0.7,0,0.81,0.006923838
0.7,0.31,0.72,0.233827893
0.08,0.45,0.56,0.258951533
0.85,0.53,0.4,0.228585559
0.35,0.84,0.95,0.809396637
0.56,0.14,0.31,0.0512364
0.19,0.46,0.5,0.238476756
0.26,0.07,0.57,0.043422354
0.59,0.91,0.12,0.131849654
0.46,0.03,0.38,0.016419387
0.97,0.07,0.11,0.01859545
0.08,0.14,0.49,0.071414441
0.13,0.83,0.73,0.617012859
0.18,0.93,0.91,0.85727003
0.7,0.67,0.79,0.54371909
0.46,0.72,0.02,0.033036597
0.07,0.24,0.11,0.031552918
0.23,0.25,0.21,0.059149357
0.48,0.83,0.4,0.349554896
0.23,0,0.15,0.002274975
0.95,0.83,0.13,0.132542038
0.79,0.55,0.58,0.334223541
0.6,0.39,0.11,0.056083086
0.03,0.08,0.62,0.050939664
0.59,0.58,0.12,0.086152324
0.88,0.44,0.51,0.239366963
0.8,0.43,0.44,0.203560831
0.97,0.67,0.34,0.248170129
0.66,0.22,0.11,0.034817013
0.1,0.97,0.32,0.327200791
0.41,0.47,0.38,0.190009891
0.81,0.27,0.81,0.229673591
0.78,0.17,0.4,0.078338279
0.88,0,0.71,0.008704253
0.66,0.67,0.61,0.424035608
0.68,0.39,0.51,0.211177052
0.91,0.34,0.04,0.029179031
0.86,0.19,0.02,0.016023739
0.5,0.19,0.05,0.01810089
0.89,0.43,0.07,0.047082097
0.9,0.63,0,0.021364985
0.88,0.42,0.97,0.419980218
0.58,0.63,0.07,0.06181998
0.87,0.89,0.24,0.237487636
0.61,0.05,0.21,0.017408506
0.83,0.18,0.74,0.143521266
0.97,0.71,1,0.725914936
0.12,0.54,0.05,0.038575668
0.84,0.02,0.21,0.012858556
0.77,0.06,0.02,0.009990109
0.1,0.51,0.5,0.26330366
0.11,0.2,0.94,0.190999011
0.64,0.33,0.6,0.208704253
0.75,0.5,0.67,0.348664688
0.21,0.72,0.41,0.308308605
0.87,0.49,0.72,0.367260138
0.17,0.53,0.28,0.158951533
0.19,0.01,0.58,0.007814045
0.96,0.64,0.87,0.572898121
0.97,0.3,0.36,0.122354105
0.93,0.55,0.68,0.390009891
0.96,0.37,0.48,0.19248269
0.07,0.79,0.19,0.164787339
0.2,0.82,0.95,0.788724036
0.49,0.76,0.91,0.703956479
0.32,0.72,0.84,0.615628091
0.29,0.36,0.41,0.155984174
0,0.05,0.89,0.045004946
0.73,0.09,0.16,0.023244313
0.48,0.01,0.79,0.012759644
0.22,0.01,0.92,0.011473788
0.89,0.05,0.5,0.034520277
0.77,0.16,0.05,0.018694362
0.71,0.92,0.79,0.744114738
0.32,0.67,0.52,0.361028684
0.82,0.73,0.31,0.246389713
0.14,0.11,0,0.003560831
0.76,0.71,0.5,0.372700297
0.18,0.08,0.53,0.045301682
0.66,0.27,0.88,0.246884273
0.61,0.21,0.52,0.118199802
